Workbook

Sheet Información General
A1: Información de Campo
A3: Equipo: | B3: Pastos | F3: Año | G3: 2025 | H3: 2026 | I3: 2027 | J3: 2028 | K3: 2029
F4: Población: | G4: 120000
A5: Lider de Equipo: | B5: Hugo Solorza | F5: Número de congregaciones evangélicas | G5: 4
F6: Número de evangélicos | G6: 400
A7: Integrantes Equipo: | B7: 1. | C7: Diana Viera
B8: 2. | F8: Contacto
B9: 3. | F9: Cuántas personas fueron contactadas por primera vez? | G9: 15
B10: 4. | F10: Cuantas personas se ven interezadas en el evangelio? | G10: 6
B11: 5. | F11: Cuantas personas escucharon algo del Evangelio? | G11: 4
B12: 6.
B13: 7. | F13: Comunicando
F14: De los que han escuchado algo del Evangelio, cuántos creeen que están buscando a Dios? | G14: 2
A15: Lugar de ministerio: | C15: Cumbal | F15: Cuántas personas tuvieron la oportunidad de responder a Cristo? | G15: 2
A17: Esenciales a desarrollar | B17: 1. | C17: Liderazgo | F17: Respondiendo
B18: 2. | C18: Desarrollo Ecle. | F18: Cuántos de los que escucharon el Evangelio creyeron el mensaje? | G18: 2
B19: 3. | F19: Cuántos de los creyentes fueron bautizados?
B20: 4.
B21: 5. | F21: Consolidando
F22: Cuantás personas están participado de estudios bíblicos con regularidad? | G22: 45
A23: Etapas de enfoque | B23: 1 | C23: Entrenamiento | F23: Cuantás personas han sido mentoreadas personalmente? | G23: 12
B24: 2 | F24: *Cuantos grupos nuevos (en este año) se están reuniendo?* | G24: 0
B25: 3
B26: 4 | F26: Liderazgo
B27: 5 | F27: Cuántos discipulos han recibido entrenamiento ministerial práctico? | G27: 10
B28: 6 | F28: Cuantos discipulos recibieron entrenamiento en otras áreas?
B29: 7 | F29: Cuántos hombres han recibido entrenamiento pastoral práctico? | G29: 3
F30: Cuantos discipulos recibieron entrenamiento bíblico ? | G30: 9
A31: Presupuesto Total: | B31: =SUM(B32:C36) -> 11210000 | F31: Cuántos discipulos han recibido entrenamiento para comenzar iglesias nuevas?
A32: Investigación: | B32: =Investigación!Q35 -> 0
A33: Encarnación: | B33: =Encarnación!Q35 -> 0 | F33: Desarrollo eclesial
A34: Evangelización: | B34: =Evangelización!Q35 -> 0 | F34: Cuantos grupos con perspectivas de ser iglesias se están reuniendo? | G34: 1
A35: Entrenamiento: | B35: =Entrenamiento!Q35 -> 11210000 | F35: Número de iglesias al final de este período | G35: 1
A36: Auto Cuidado: | B36: =Autocuidado!Q35 -> 0 | F36: Nuevas iglesias de primera generación? | G36: 1
F37: Nuevas iglesias de segunda generación?
F38: Nuevas iglesias de tercera generación?
F39: Se perdió alguna iglesia de primera generación?
F40: Se perdió alguna iglesia de segunda generación?
F41: Se perdió alguna iglesia de tercera generación?

Sheet Investigación
A1: PLAN DE DESARROLLO MINISTERIAL (PDM)
A2: Fecha inicio : | B2: 45749 | C2: Área: Investigación | E2: Lider de equipo: | U2: Elija estado | V2: Elija Etapa | W2: Elija Equipo
A3: Equipo: | B3: Pastos | C3: Objetivo de área # 1: | E3: Objetivo de área # 2: | U3: Iniciado | V3: Contacto | W3: Barí
A4: Integrantes: | U4: En proceso | V4: Comunicar | W4: Baudó
U5: Avanzado | W5: Estindus
C6: Objetivo de área # 3 | E6: Objetivo de área # 4: | U6: Terminado | W6: Katios
U7: Atrazado | W7: Kamsá
W8: Nukak
F9: INDICADOR DE RESULTADO | W9: Pastos
F10: SITUACIÓN ACTUAL | G10: META MEDIBLE | I10: RESPONSABLE | J10: Frecuencia de la actividad | K10: Numero de veces en el año | L10: FECHA INICIO | M10: FECHA FINAL | N10: TOTAL DE SEMANAS | O10: SEMANAS RESTANTES | P10: PRESUPUESTO | R10: Obstáculos a vencer
A11: ESTADO | B11: ETAPA | C11: objetivo #: | D11: DESCRIPCIÓN DE ACTVIDADES | G11: A mediano plazo | H11: A largo plazo | P11: UNITARIO | Q11: TOTAL
A12: Elija estado | B12: Elija Etapa | N12: =(M12-L12)/7 -> 0 | O12: =(M12-TODAY())/7 -> -6615.5714 | P12: 0 | Q12: 0
A13: Elija estado | N13: =(M13-L13)/7 -> 0 | O13: =(M13-TODAY())/7 -> -6615.5714 | P13: 0 | Q13: 0
A14: Elija estado | N14: =(M14-L14)/7 -> 0 | O14: =(M14-TODAY())/7 -> -6615.5714 | P14: 0 | Q14: 0
A15: Elija estado | N15: =(M15-L15)/7 -> 0 | O15: =(M15-TODAY())/7 -> -6615.5714 | P15: 0 | Q15: 0
A16: Elija estado | N16: =(M16-L16)/7 -> 0 | O16: =(M16-TODAY())/7 -> -6615.5714 | P16: 0 | Q16: 0
P17: 0
A18: Elija estado | B18: Elija Etapa | N18: =(M18-L18)/7 -> 0 | O18: =(M18-TODAY())/7 -> -6615.5714 | P18: 0 | Q18: 0
A19: Elija estado | N19: =(M19-L19)/7 -> 0 | O19: =(M19-TODAY())/7 -> -6615.5714 | P19: 0 | Q19: 0
A20: Elija estado | N20: =(M20-L20)/7 -> 0 | O20: =(M20-TODAY())/7 -> -6615.5714 | P20: 0 | Q20: 0
A21: Elija estado | N21: =(M21-L21)/7 -> 0 | O21: =(M21-TODAY())/7 -> -6615.5714 | P21: 0 | Q21: 0
A22: Elija estado | N22: =(M22-L22)/7 -> 0 | O22: =(M22-TODAY())/7 -> -6615.5714 | P22: 0 | Q22: 0
P23: 0
A24: Elija estado | B24: Elija Etapa | N24: =(M24-L24)/7 -> 0 | O24: =(M24-TODAY())/7 -> -6615.5714 | P24: 0 | Q24: 0
A25: Elija estado | N25: =(M25-L25)/7 -> 0 | O25: =(M25-TODAY())/7 -> -6615.5714 | P25: 0 | Q25: 0
A26: Elija estado | N26: =(M26-L26)/7 -> 0 | O26: =(M26-TODAY())/7 -> -6615.5714 | P26: 0 | Q26: 0
A27: Elija estado | N27: =(M27-L27)/7 -> 0 | O27: =(M27-TODAY())/7 -> -6615.5714 | P27: 0 | Q27: 0
A28: Elija estado | N28: =(M28-L28)/7 -> 0 | O28: =(M28-TODAY())/7 -> -6615.5714 | P28: 0 | Q28: 0
P29: 0
A30: Elija estado | B30: Elija Etapa | N30: =(M30-L30)/7 -> 0 | O30: =(M30-TODAY())/7 -> -6615.5714 | P30: 0 | Q30: 0
A31: Elija estado | N31: =(M31-L31)/7 -> 0 | O31: =(M31-TODAY())/7 -> -6615.5714 | P31: 0 | Q31: 0
A32: Elija estado | N32: =(M32-L32)/7 -> 0 | O32: =(M32-TODAY())/7 -> -6615.5714 | P32: 0 | Q32: 0
A33: Elija estado | N33: =(M33-L33)/7 -> 0 | O33: =(M33-TODAY())/7 -> -6615.5714 | P33: 0 | Q33: 0
A34: Elija estado | N34: =(M34-L34)/7 -> 0 | O34: =(M34-TODAY())/7 -> -6615.5714 | P34: 0 | Q34: 0
Q35: =SUM(Q12:Q34) -> 0

Sheet Encarnación
A1: PLAN DE DESARROLLO MINISTERIAL (PDM)
A2: Fecha inicio : | B2: 45749 | C2: Área: Encarnación | E2: Lider de equipo: | U2: Elija estado | V2: Elija Etapa | W2: Elija Equipo
A3: Equipo: | B3: Pastos | C3: Objetivo de área # 1: | E3: Objetivo de área # 2: | U3: Iniciado | V3: Contacto | W3: Barí
A4: Integrantes: | U4: En proceso | V4: Comunicar | W4: Baudó
U5: Avanzado | V5: Respuesta | W5: Estindus
C6: Objetivo de área # 3 | E6: Objetivo de área # 4: | U6: Terminado | W6: Katios
U7: Atrazado | W7: Kamsá
W8: Nukak
F9: INDICADOR DE RESULTADO | W9: Pastos
F10: SITUACIÓN ACTUAL | G10: META MEDIBLE | I10: RESPONSABLE | J10: Frecuencia de la actividad | K10: Numero de veces en el año | L10: FECHA INICIO | M10: FECHA FINAL | N10: TOTAL DE SEMANAS | O10: SEMANAS RESTANTES | P10: PRESUPUESTO | R10: Obstáculos a vencer
A11: ESTADO | B11: ETAPA | C11: Objetivo #: | D11: DESCRIPCIÓN DE ACTVIDADES | G11: A mediano plazo | H11: A largo plazo | P11: UNITARIO | Q11: TOTAL
A12: Elija estado | B12: Elija Etapa | N12: =(M12-L12)/7 -> 0 | O12: =(M12-TODAY())/7 -> -6615.5714 | P12: 0 | Q12: 0
A13: Elija estado | N13: =(M13-L13)/7 -> 0 | O13: =(M13-TODAY())/7 -> -6615.5714 | P13: 0 | Q13: 0
A14: Elija estado | N14: =(M14-L14)/7 -> 0 | O14: =(M14-TODAY())/7 -> -6615.5714 | P14: 0 | Q14: 0
A15: Elija estado | N15: =(M15-L15)/7 -> 0 | O15: =(M15-TODAY())/7 -> -6615.5714 | P15: 0 | Q15: 0
A16: Elija estado | N16: =(M16-L16)/7 -> 0 | O16: =(M16-TODAY())/7 -> -6615.5714 | P16: 0 | Q16: 0
P17: 0
A18: Elija estado | B18: Elija Etapa | N18: =(M18-L18)/7 -> 0 | O18: =(M18-TODAY())/7 -> -6615.5714 | P18: 0 | Q18: 0
A19: Elija estado | N19: =(M19-L19)/7 -> 0 | O19: =(M19-TODAY())/7 -> -6615.5714 | P19: 0 | Q19: 0
A20: Elija estado | N20: =(M20-L20)/7 -> 0 | O20: =(M20-TODAY())/7 -> -6615.5714 | P20: 0 | Q20: 0
A21: Elija estado | N21: =(M21-L21)/7 -> 0 | O21: =(M21-TODAY())/7 -> -6615.5714 | P21: 0 | Q21: 0
A22: Elija estado | N22: =(M22-L22)/7 -> 0 | O22: =(M22-TODAY())/7 -> -6615.5714 | P22: 0 | Q22: 0
P23: 0
A24: Elija estado | B24: Elija Etapa | N24: =(M24-L24)/7 -> 0 | O24: =(M24-TODAY())/7 -> -6615.5714 | P24: 0 | Q24: 0
A25: Elija estado | N25: =(M25-L25)/7 -> 0 | O25: =(M25-TODAY())/7 -> -6615.5714 | P25: 0 | Q25: 0
A26: Elija estado | N26: =(M26-L26)/7 -> 0 | O26: =(M26-TODAY())/7 -> -6615.5714 | P26: 0 | Q26: 0
A27: Elija estado | N27: =(M27-L27)/7 -> 0 | O27: =(M27-TODAY())/7 -> -6615.5714 | P27: 0 | Q27: 0
A28: Elija estado | N28: =(M28-L28)/7 -> 0 | O28: =(M28-TODAY())/7 -> -6615.5714 | P28: 0 | Q28: 0
P29: 0
A30: Elija estado | B30: Elija Etapa | N30: =(M30-L30)/7 -> 0 | O30: =(M30-TODAY())/7 -> -6615.5714 | P30: 0 | Q30: 0
A31: Elija estado | N31: =(M31-L31)/7 -> 0 | O31: =(M31-TODAY())/7 -> -6615.5714 | P31: 0 | Q31: 0
A32: Elija estado | N32: =(M32-L32)/7 -> 0 | O32: =(M32-TODAY())/7 -> -6615.5714 | P32: 0 | Q32: 0
A33: Elija estado | N33: =(M33-L33)/7 -> 0 | O33: =(M33-TODAY())/7 -> -6615.5714 | P33: 0 | Q33: 0
A34: Elija estado | N34: =(M34-L34)/7 -> 0 | O34: =(M34-TODAY())/7 -> -6615.5714 | P34: 0 | Q34: 0
Q35: =SUM(Q12:Q34) -> 0

Sheet Evangelización
A1: PLAN DE DESARROLLO MINISTERIAL (PDM)
A2: Fecha inicio : | B2: 45749 | C2: Área: Evangelización | E2: Lider de equipo: | U2: Elija estado | V2: Elija Etapa | W2: Elija Equipo
A3: Equipo: | B3: Pastos | C3: Objetivo de área # 1: | E3: Objetivo de área # 2: | U3: Iniciado | V3: Comunicar | W3: Barí
A4: Integrantes: | U4: En proceso | V4: Respuesta | W4: Baudó
U5: Avanzado | V5: Reunirse | W5: Estindus
C6: Objetivo de área # 3 | E6: Objetivo de área # 4: | U6: Terminado | V6: Consolidar | W6: Katios
U7: Atrazado | W7: Kamsá
W8: Nukak
F9: INDICADOR DE RESULTADO | W9: Pastos
F10: SITUACIÓN ACTUAL | G10: META MEDIBLE | I10: RESPONSABLE | J10: Frecuencia de la actividad | K10: Numero de veces en el año | L10: FECHA INICIO | M10: FECHA FINAL | N10: TOTAL DE SEMANAS | O10: SEMANAS RESTANTES | P10: PRESUPUESTO | R10: Obstáculos a vencer
A11: ESTADO | B11: ETAPA | C11: Objetivo #: | D11: DESCRIPCIÓN DE ACTVIDADES | G11: A mediano plazo | H11: A largo plazo | P11: UNITARIO | Q11: TOTAL
A12: Elija estado | B12: Elija Etapa | N12: =(M12-L12)/7 -> 0 | O12: =(M12-TODAY())/7 -> -6615.5714 | P12: 0 | Q12: 0
A13: Elija estado | N13: =(M13-L13)/7 -> 0 | O13: =(M13-TODAY())/7 -> -6615.5714 | P13: 0 | Q13: 0
A14: Elija estado | N14: =(M14-L14)/7 -> 0 | O14: =(M14-TODAY())/7 -> -6615.5714 | P14: 0 | Q14: 0
A15: Elija estado | N15: =(M15-L15)/7 -> 0 | O15: =(M15-TODAY())/7 -> -6615.5714 | P15: 0 | Q15: 0
A16: Elija estado | N16: =(M16-L16)/7 -> 0 | O16: =(M16-TODAY())/7 -> -6615.5714 | P16: 0 | Q16: 0
P17: 0
A18: Elija estado | B18: Elija Etapa | N18: =(M18-L18)/7 -> 0 | O18: =(M18-TODAY())/7 -> -6615.5714 | P18: 0 | Q18: 0
A19: Elija estado | N19: =(M19-L19)/7 -> 0 | O19: =(M19-TODAY())/7 -> -6615.5714 | P19: 0 | Q19: 0
A20: Elija estado | N20: =(M20-L20)/7 -> 0 | O20: =(M20-TODAY())/7 -> -6615.5714 | P20: 0 | Q20: 0
A21: Elija estado | N21: =(M21-L21)/7 -> 0 | O21: =(M21-TODAY())/7 -> -6615.5714 | P21: 0 | Q21: 0
A22: Elija estado | N22: =(M22-L22)/7 -> 0 | O22: =(M22-TODAY())/7 -> -6615.5714 | P22: 0 | Q22: 0
P23: 0
A24: Elija estado | B24: Elija Etapa | N24: =(M24-L24)/7 -> 0 | O24: =(M24-TODAY())/7 -> -6615.5714 | P24: 0 | Q24: 0
A25: Elija estado | N25: =(M25-L25)/7 -> 0 | O25: =(M25-TODAY())/7 -> -6615.5714 | P25: 0 | Q25: 0
A26: Elija estado | N26: =(M26-L26)/7 -> 0 | O26: =(M26-TODAY())/7 -> -6615.5714 | P26: 0 | Q26: 0
A27: Elija estado | N27: =(M27-L27)/7 -> 0 | O27: =(M27-TODAY())/7 -> -6615.5714 | P27: 0 | Q27: 0
A28: Elija estado | N28: =(M28-L28)/7 -> 0 | O28: =(M28-TODAY())/7 -> -6615.5714 | P28: 0 | Q28: 0
P29: 0
A30: Elija estado | B30: Elija Etapa | N30: =(M30-L30)/7 -> 0 | O30: =(M30-TODAY())/7 -> -6615.5714 | P30: 0 | Q30: 0
A31: Elija estado | N31: =(M31-L31)/7 -> 0 | O31: =(M31-TODAY())/7 -> -6615.5714 | P31: 0 | Q31: 0
A32: Elija estado | N32: =(M32-L32)/7 -> 0 | O32: =(M32-TODAY())/7 -> -6615.5714 | P32: 0 | Q32: 0
A33: Elija estado | N33: =(M33-L33)/7 -> 0 | O33: =(M33-TODAY())/7 -> -6615.5714 | P33: 0 | Q33: 0
A34: Elija estado | N34: =(M34-L34)/7 -> 0 | O34: =(M34-TODAY())/7 -> -6615.5714 | P34: 0 | Q34: 0
Q35: =SUM(Q12:Q34) -> 0

Sheet Entrenamiento
A1: PLAN DE DESARROLLO MINISTERIAL (PDM)
A2: Fecha inicio : | B2: 46114 | C2: Área: Entrenamiento | E2: Lider de equipo: | F2: Hugo Solorza | U2: Elija Estado | V2: Elija Etapa | W2: Elija Equipo
A3: Equipo: | B3: Pastos | C3: Objetivo de área # 1: | E3: Objetivo de área # 2: | U3: Iniciado | V3: Consolidar | W3: Barí
A4: Integrantes: | C4: Facilitar a los creyentes los espacios para identificar y ejercer los dones que Dios les ha dado y así mismo, delegar mayor responsabilidad en el desarrollo de actividades como iglesia: Enseñanza, dirección de actividades, alabanza etc | E4: Desarrollar actividades que fortalezcan el crecimiento integral y el desarrollo de una sana iglesia (visitas, evangelismo, espacios de oración) | U4: En proceso | V4: Liderazgo | W4: Baudó
U5: Avanzado | V5: Desarrollo Eclesial | W5: Estindus
C6: Objetivo de área # 3 | E6: Objetivo de área # 4: | U6: Terminado | W6: Katios
C7: Brindar y reforzar las herramientas necesarias (análisis bíblico, narrativa, elaboración de estudios bíblicos) a los creyentes y en especial al grupo de liderazgo*, con el fin de ejercer dones y estar en capacidad de dar continuidad de manera autónoma al trabajo de establecimiento del Reino de Dios entre el pueblo Pastos. | E7: Establecer un plan de trabajo evangelistico que permita iniciar al menos 4 nuevos grupos de estudio durante el año, generados directamente por la iglesia. | U7: Atrazado | W7: Kamsá
W8: Nukak
F9: INDICADOR DE RESULTADO | W9: Pastos
F10: SITUACIÓN ACTUAL | G10: META MEDIBLE | I10: RESPONSABLE | J10: Frecuencia de la actividad | K10: Numero de veces en el año | L10: FECHA INICIO | M10: FECHA FINAL | N10: TOTAL DE SEMANAS | O10: SEMANAS RESTANTES | P10: PRESUPUESTO | R10: Obstáculos a vencer
A11: ESTADO | B11: ETAPA | C11: Objetivo #: | D11: DESCRIPCIÓN DE ACTVIDADES | G11: A mediano plazo | H11: A largo plazo | P11: UNITARIO (Mensual) | Q11: TOTAL (Anual)
A12: Elija Estado | B12: Liderazgo | C12: 1 | D12: Generar espacios para la enseñanza bíblica, grupo de oración, alabanza etc. que faciliten identificar los dones y su posterior ejercicio en medio de la comunidad de fe. | F12: Actualmente los espacios que se tienen son definidos por reuniones de los domingos y reuniones en semana. Las reuniones en semana son desarrolladas por ellos. | G12: Que almenos el 40% de los creyentes al primer semestre se haya involucrado de manera directa en alguna de las actividades cotidianas de la iglesia. | H12: Que el 60% de los creyentes este de manera activa involucrado en alguna de las áreas ministeriales. | I12: Hugo Solorza | J12: constante | K12: constante | L12: 46063 | M12: 46358 | N12: =(M12-L12)/7 -> 42.142857 | O12: =(M12-TODAY())/7 -> 7 | P12: 0 | Q12: 0 | R12: Tiempo disponible por parte de los hermanos.
A13: Elija Estado | C13: 1 | D13: Delegar al liderazgo de la iglesia, la dirección y desarrollo de los estudios tanto en la reunión general como iglesia, así como en los lugares de reunión. | F13: Hasta el 2025 hemos acompañado de manera más directa el desarrollo de los procesos de la iglesia. Todavía hay temor en asumir responsabilidades. | G13: Que la planeación del primer semestre sea realizada con acompañamiento nuestro | H13: La planeación del segundo semestre será realizada por el liderazgo de la iglesia | I13: Hugo Solorza | J13: semestral | K13: 2 | L13: 46063 | M13: 46358 | N13: =(M13-L13)/7 -> 42.142857 | O13: =(M13-TODAY())/7 -> 7 | P13: 0 | Q13: 0
A14: Elija Estado | C14: 1 | D14: capacitar a maestras de niños, expositores de la palabra, personas de la alabanza y tesorero y secretaria de la iglesia, de modo que tengan las herramientas necesarias para desarrollar su ministerio. | F14: El desarrollo eclesial requiere fortalecer diferentes áreas de servicio, se hace necesario dar algún tipo de capacitación afin a cada ministerio. | I14: hugo Solorza | J14: mensual | K14: 10 | N14: =(M14-L14)/7 -> 0 | O14: =(M14-TODAY())/7 -> -6615.5714 | P14: 50000 | Q14: 500000
A15: Elija Estado | C15: 1 | N15: =(M15-L15)/7 -> 0 | O15: =(M15-TODAY())/7 -> -6615.5714 | P15: 0 | Q15: 0
A16: Elija Estado | N16: =(M16-L16)/7 -> 0 | O16: =(M16-TODAY())/7 -> -6615.5714 | P16: 0 | Q16: 0
P17: 0
A18: Elija estado | B18: Liderazgo | C18: 2 | D18: Fomentar el establecimiento de un espacio un día a la semana para estudio bíblico familiar, el cual es dirigido por el padre de familia. | F18: No hay un hábito por el estudio o lectura-escuha- de la palabra en los hogares | G18: Que para el mes de julio la mitad de la iglesia haga regularmenet los estudio biblicos en familia. | H18: Que la totalidad de la iglesia haga su estudio biblico familiar al menos una vez a la semana | I18: Diana | J18: Constante | K18: Todo el año | N18: =(M18-L18)/7 -> 0 | O18: =(M18-TODAY())/7 -> -6615.5714 | P18: 0 | Q18: 0
A19: Elija estado | C19: 2 | D19: Involucrar a los hermanos en las diferentes actividades que realizamos como comunidad de fe (tiempos de oración, visitas, dirección de reuniones), con el fin de que esto les permita identificar y desarrollar sus dones. | F19: No hay una participación activa por parte de gran numero de hermanos, por ser un grupo comunitario quienes siempre lo hacen tienen la tendencia a tomar las cosas por obligación. | N19: =(M19-L19)/7 -> 0 | O19: =(M19-TODAY())/7 -> -6615.5714 | P19: 0 | Q19: 0
A20: Elija estado | C20: 2 | D20: Mantener un plan de visitas con el fin de optimizar esta labor y a su vez facilitar el involucramiento de los hermanos. | F20: Las visitas no son muy comúnes(por aspectos culturales), pero el propósito es orientar la actividad a fin de generar acercamientos entre los hermanos. | G20: El propósito es motivar a visitarse a fin de mejorar relaciones, orar juntos y sobre llevar cargas. | H20: Que los momentos de visitar sean de crecimiento y fortalecimiento relacional. | I20: Diana | J20: Diaria | K20: indeterminada | L20: 46075 | M20: 46372 | N20: =(M20-L20)/7 -> 42.428571 | O20: =(M20-TODAY())/7 -> 9 | P20: 2000 | Q20: 660000
A21: Elija estado | C21: 2 | D21: Transporte para realizar diferentes visitas y reuniones a las afueras de Cumbal | F21: Los recorridos se hacen en carro o moto, según las condiciones. | N21: =(M21-L21)/7 -> 0 | O21: =(M21-TODAY())/7 -> -6615.5714 | P21: 300000 | Q21: 3300000
A22: Elija estado | C22: 2 | D22: Reuniones especiales de integración como iglesia que faciliten mejorar relaciones y crear coheción. | F22: Devido a dificultades generadas al interior de la iglesia, hay un sentimiento de alejamiento entre varios hermanos, lo cual ha generado diviciones. | I22: Diana | J22: Bimensual | K22: 5 | L22: 46075 | M22: 46372 | N22: =(M22-L22)/7 -> 42.428571 | O22: =(M22-TODAY())/7 -> 9 | P22: 60000 | Q22: 300000
P23: 0
A24: Elija estado | B24: Desarrollo Eclesial | C24: 3 | D24: Fortalecer el conocimiento y uso de herramientas para el estudio y la enseñanza (Narrativa, inductivo…) de la palabra de Dios, mediante la práctica en los diferentes grupos, facilitando así el desarrollo de la enseñanza. | F24: Hay un grupo de 10 hermanos que han asumido responsabilidad de liderar en la iglesa. Tambien han recibido instrucción básica a lo largo del 2025 | G24: Realizar 2 talleres sobre estudio de las escrituras y narrativa en el primer semestre | H24: En el seugndo semestre realizar dos talleres más. | N24: =(M24-L24)/7 -> 0 | O24: =(M24-TODAY())/7 -> -6615.5714 | P24: 0 | Q24: 0
A25: Elija estado | C25: 3 | D25: Sostener reuniones de oración y estudio con un grupo de mujeres creyentes y no creyentes. 5 sesiones, cada 2 meses. (Febrero, Mayo, Agosto, Noviembre) | F25: hay necesidad de fortalecer cada vez más el acercamiento entre las mujeres, hay factores emocionales quefacilitan ser tratados en espacios más privados. | I25: Diana | J25: Bimensual | K25: 5 | L25: 46063 | M25: 46358 | N25: =(M25-L25)/7 -> 42.142857 | O25: =(M25-TODAY())/7 -> 7 | P25: 30000 | Q25: 150000
A26: Elija estado | C26: 3 | D26: Por medio de un acompañamiento personal, motivar a las mujeres para que puedan tener tiempo con otra mujer no creyente para orar por sus familias y presentar el evangelio. | N26: =(M26-L26)/7 -> 0 | O26: =(M26-TODAY())/7 -> -6615.5714 | P26: 0 | Q26: 0
A27: Elija estado | D27: Brindar a las maestras herramientas de enseñanza y evangelismo dirigidos a la enseñanza de niños. | N27: =(M27-L27)/7 -> 0 | O27: =(M27-TODAY())/7 -> -6615.5714 | P27: 0 | Q27: 0
A28: Elija estado | C28: 3 | D28: PROYECTO ESPECIAL: Realizar un tiempo de retiro familiar que ayude a fortalecer las relaciones intrafamiliares y sirva de oxigenación a las relaciones como iglesia. | I28: Diana | J28: 1 | K28: 1 | N28: =(M28-L28)/7 -> 0 | O28: =(M28-TODAY())/7 -> -6615.5714 | P28: 0 | Q28: 6000000
P29: 0
A30: Elija estado | B30: Liderazgo | C30: 4 | D30: Mantener visitas programadas, establecer relaciones de confianza más fuertes entorno a nuevos espacios de estudio bíblico. | F30: Hay lugares apartados de cumbal en los cuales no hay grupo de estudio o conocidos directos. Panan, chiles, boyera, san diego. | N30: =(M30-L30)/7 -> 0 | O30: =(M30-TODAY())/7 -> -6615.5714 | P30: 0 | Q30: 0
A31: Elija estado | C31: 4 | D31: Animar a los creyentes a compartir con otros su fe en su experiencia de vida cotidiana con el fin de generar nuevos espacios para el desarrollo de estudios. | F31: No se ha logrado un habito o responsabilidad como creyentes frente a la gran comisión | N31: =(M31-L31)/7 -> 0 | O31: =(M31-TODAY())/7 -> -6615.5714 | P31: 0 | Q31: 0
A32: Elija estado | C32: 4 | D32: Proyectar actividades en los hogares de los hermanos para acercar a nuevas personas, actividades como reuniones de mujeres, actividades para padres entre otras. | F32: Por diversas razones no hay una identidad más plena de la vida como creyentes en los diferentes lugares donde viven los miembros de la iglesia. | N32: =(M32-L32)/7 -> 0 | O32: =(M32-TODAY())/7 -> -6615.5714 | P32: 30000 | Q32: 300000
A33: Elija estado | N33: =(M33-L33)/7 -> 0 | O33: =(M33-TODAY())/7 -> -6615.5714 | Q33: 0
A34: Elija estado | N34: =(M34-L34)/7 -> 0 | O34: =(M34-TODAY())/7 -> -6615.5714 | P34: 0 | Q34: 0
P35: =SUM(P12:P34) -> 472000 | Q35: =SUM(Q12:Q34) -> 11210000

Sheet Autocuidado
A1: PLAN DE DESARROLLO MINISTERIAL (PDM)
A2: Fecha inicio : | B2: 45749 | C2: Área: Auto Cuidado | E2: Lider de equipo: | U2: Elija estado | V2: Elija Etapa | W2: Elija Equipo
A3: Equipo: | B3: Elija Equipo | C3: Objetivo de área # 1: | E3: Objetivo de área # 2: | U3: Iniciado | V3: Contacto | W3: Barí
A4: Integrantes: | U4: En proceso | V4: Comunicar | W4: Baudó
U5: Avanzado | V5: Respuesta | W5: Estindus
C6: Objetivo de área # 3 | E6: Objetivo de área # 4: | U6: Terminado | V6: Reunirse | W6: Katios
U7: Atrazado | V7: Consolidar | W7: Kamsá
V8: Liderazgo | W8: Nukak
F9: INDICADOR DE RESULTADO | V9: Desarrollo Eclesial | W9: Pastos
F10: SITUACIÓN ACTUAL | G10: META MEDIBLE | I10: RESPONSABLE | J10: Frecuencia de la actividad | K10: Numero de veces en el año | L10: FECHA INICIO | M10: FECHA FINAL | N10: TOTAL DE SEMANAS | O10: SEMANAS RESTANTES | P10: PRESUPUESTO | R10: Obstáculos a vencer
A11: ESTADO | B11: SEGMENTO | C11: Objetivo #: | D11: DESCRIPCIÓN DE ACTVIDADES | G11: A mediano plazo | H11: A largo plazo | P11: UNITARIO | Q11: TOTAL
A12: Elija estado | B12: No hay segmentos en particular, organizar actividades de autocuidado del misionero. | L12: 45694 | M12: 46001 | N12: =(M12-L12)/7 -> 43.857143 | O12: =(M12-TODAY())/7 -> -44 | P12: 0 | Q12: 0
A13: Elija estado | L13: 45875 | M13: 45940 | N13: =(M13-L13)/7 -> 9.2857143 | P13: 0 | Q13: 0
A14: Elija estado | N14: =(M14-L14)/7 -> 0 | O14: =(M14-TODAY())/7 -> -6615.5714 | P14: 0 | Q14: 0
A15: Elija estado | N15: =(M15-L15)/7 -> 0 | O15: =(M15-TODAY())/7 -> -6615.5714 | P15: 0 | Q15: 0
A16: Elija estado | N16: =(M16-L16)/7 -> 0 | O16: =(M16-TODAY())/7 -> -6615.5714 | P16: 0 | Q16: 0
P17: 0 | Q17: 0
A18: Elija estado | N18: =(M18-L18)/7 -> 0 | O18: =(M18-TODAY())/7 -> -6615.5714 | P18: 0 | Q18: 0
A19: Elija estado | N19: =(M19-L19)/7 -> 0 | O19: =(M19-TODAY())/7 -> -6615.5714 | P19: 0 | Q19: 0
A20: Elija estado | N20: =(M20-L20)/7 -> 0 | O20: =(M20-TODAY())/7 -> -6615.5714 | P20: 0 | Q20: 0
A21: Elija estado | N21: =(M21-L21)/7 -> 0 | O21: =(M21-TODAY())/7 -> -6615.5714 | P21: 0 | Q21: 0
A22: Elija estado | N22: =(M22-L22)/7 -> 0 | O22: =(M22-TODAY())/7 -> -6615.5714 | P22: 0 | Q22: 0
P23: 0 | Q23: 0
A24: Elija estado | N24: =(M24-L24)/7 -> 0 | O24: =(M24-TODAY())/7 -> -6615.5714 | P24: 0 | Q24: 0
A25: Elija estado | N25: =(M25-L25)/7 -> 0 | O25: =(M25-TODAY())/7 -> -6615.5714 | P25: 0 | Q25: 0
A26: Elija estado | N26: =(M26-L26)/7 -> 0 | O26: =(M26-TODAY())/7 -> -6615.5714 | P26: 0 | Q26: 0
A27: Elija estado | N27: =(M27-L27)/7 -> 0 | O27: =(M27-TODAY())/7 -> -6615.5714 | P27: 0 | Q27: 0
A28: Elija estado | N28: =(M28-L28)/7 -> 0 | O28: =(M28-TODAY())/7 -> -6615.5714 | P28: 0 | Q28: 0
P29: 0 | Q29: 0
A30: Elija estado | N30: =(M30-L30)/7 -> 0 | O30: =(M30-TODAY())/7 -> -6615.5714 | P30: 0 | Q30: 0
A31: Elija estado | N31: =(M31-L31)/7 -> 0 | O31: =(M31-TODAY())/7 -> -6615.5714 | P31: 0 | Q31: 0
A32: Elija estado | N32: =(M32-L32)/7 -> 0 | O32: =(M32-TODAY())/7 -> -6615.5714 | P32: 0 | Q32: 0
A33: Elija estado | N33: =(M33-L33)/7 -> 0 | O33: =(M33-TODAY())/7 -> -6615.5714 | P33: 0 | Q33: 0
A34: Elija estado | N34: =(M34-L34)/7 -> 0 | O34: =(M34-TODAY())/7 -> -6615.5714 | P34: 0 | Q34: 0
Q35: =SUM(Q12:Q34) -> 0

Sheet PDM Plantilla
A1: PLAN DE DESARROLLO MINISTERIAL (PDM)
A2: Fecha inicio : | B2: 45749 | C2: Área: Investigación | E2: Lider de equipo: | U2: Elija estado | V2: Elija Etapa | W2: Elija Equipo
A3: Equipo: | B3: Baudó | C3: Objetivo de área # 1: | E3: Objetivo de área # 2: | U3: Iniciado | V3: Contacto | W3: Barí
A4: Integrantes: | U4: En proceso | V4: Comunicar | W4: Baudó
U5: Avanzado | V5: Respuesta | W5: Estindus
C6: Objetivo de área # 3 | E6: Objetivo de área # 4: | U6: Terminado | V6: Reunirse | W6: Katios
U7: Atrazado | V7: Consolidar | W7: Kamsá
V8: Liderazgo | W8: Nukak
F9: INDICADOR DE RESULTADO | V9: Desarrollo Eclesial | W9: Pastos
F10: SITUACIÓN ACTUAL | G10: META MEDIBLE | I10: RESPONSABLE | J10: Frecuencia de la actividad | K10: Numero de veces en el año | L10: FECHA INICIO | M10: FECHA FINAL | N10: TOTAL DE SEMANAS | O10: SEMANAS RESTANTES | P10: PRESUPUESTO | R10: Obstáculos a vencer
A11: ESTADO | B11: ETAPAS | C11: objetivo #: | D11: DESCRIPCIÓN DE ACTVIDADES | G11: A mediano plazo | H11: A largo plazo | P11: UNITARIO | Q11: TOTAL
A12: Elija estado | B12: Elija Etapa | C12: 1 | L12: 45694 | M12: 46001 | N12: =(M12-L12)/7 -> 43.857143 | O12: =(M12-TODAY())/7 -> -44 | P12: 0 | Q12: 0
A13: Elija estado | L13: 45875 | M13: 45940 | N13: =(M13-L13)/7 -> 9.2857143 | O13: =(M13-TODAY())/7 -> -52.714286 | P13: 0 | Q13: 0
A14: Elija estado | N14: =(M14-L14)/7 -> 0 | O14: =(M14-TODAY())/7 -> -6615.5714 | P14: 0 | Q14: 0
A15: Elija estado | N15: =(M15-L15)/7 -> 0 | O15: =(M15-TODAY())/7 -> -6615.5714 | P15: 0 | Q15: 0
A16: Elija estado | N16: =(M16-L16)/7 -> 0 | O16: =(M16-TODAY())/7 -> -6615.5714 | P16: 0 | Q16: 0
P17: 0
A18: Elija estado | B18: Elija Etapa | N18: =(M18-L18)/7 -> 0 | O18: =(M18-TODAY())/7 -> -6615.5714 | P18: 0 | Q18: 0
A19: Elija estado | N19: =(M19-L19)/7 -> 0 | O19: =(M19-TODAY())/7 -> -6615.5714 | P19: 0 | Q19: 0
A20: Elija estado | N20: =(M20-L20)/7 -> 0 | O20: =(M20-TODAY())/7 -> -6615.5714 | P20: 0 | Q20: 0
A21: Elija estado | N21: =(M21-L21)/7 -> 0 | O21: =(M21-TODAY())/7 -> -6615.5714 | P21: 0 | Q21: 0
A22: Elija estado | N22: =(M22-L22)/7 -> 0 | O22: =(M22-TODAY())/7 -> -6615.5714 | P22: 0 | Q22: 0
P23: 0
A24: Elija estado | B24: Elija Etapa | N24: =(M24-L24)/7 -> 0 | O24: =(M24-TODAY())/7 -> -6615.5714 | P24: 0 | Q24: 0
A25: Elija estado | N25: =(M25-L25)/7 -> 0 | O25: =(M25-TODAY())/7 -> -6615.5714 | P25: 0 | Q25: 3434
A26: Elija estado | N26: =(M26-L26)/7 -> 0 | O26: =(M26-TODAY())/7 -> -6615.5714 | P26: 0 | Q26: 8998989
A27: Elija estado | N27: =(M27-L27)/7 -> 0 | O27: =(M27-TODAY())/7 -> -6615.5714 | P27: 0 | Q27: 0
A28: Elija estado | N28: =(M28-L28)/7 -> 0 | O28: =(M28-TODAY())/7 -> -6615.5714 | P28: 0 | Q28: 0
P29: 0
A30: Elija estado | B30: Elija Etapa | N30: =(M30-L30)/7 -> 0 | O30: =(M30-TODAY())/7 -> -6615.5714 | P30: 0 | Q30: 0
A31: Elija estado | N31: =(M31-L31)/7 -> 0 | O31: =(M31-TODAY())/7 -> -6615.5714 | P31: 0 | Q31: 0
A32: Elija estado | N32: =(M32-L32)/7 -> 0 | O32: =(M32-TODAY())/7 -> -6615.5714 | P32: 0 | Q32: 0
A33: Elija estado | N33: =(M33-L33)/7 -> 0 | O33: =(M33-TODAY())/7 -> -6615.5714 | P33: 0 | Q33: 0
A34: Elija estado | N34: =(M34-L34)/7 -> 0 | O34: =(M34-TODAY())/7 -> -6615.5714 | P34: 0 | Q34: 0
Q35: =SUM(Q12:Q34) -> 9002423
